{
  "gnn_results": {
    "training_time": 1631.046375989914,
    "final_loss": 0.6937940120697021,
    "epochs_trained": 200,
    "optimal_clusters": 2,
    "silhouette_score": 0.8895589709281921,
    "cluster_sizes": [
      [
        "0",
        "10576"
      ],
      [
        "1",
        "512"
      ]
    ],
    "num_hubs": 50,
    "mean_similarity": 0.8712947964668274,
    "high_confidence_predictions": 30341638,
    "top_predictions": [
      [
        "163",
        "526",
        "1.0000004"
      ],
      [
        "407",
        "10884",
        "1.0000004"
      ],
      [
        "423",
        "8829",
        "1.0000004"
      ],
      [
        "464",
        "4990",
        "1.0000004"
      ],
      [
        "549",
        "2008",
        "1.0000004"
      ],
      [
        "652",
        "4393",
        "1.0000004"
      ],
      [
        "1148",
        "1288",
        "1.0000004"
      ],
      [
        "1288",
        "6223",
        "1.0000004"
      ],
      [
        "1318",
        "2044",
        "1.0000004"
      ],
      [
        "1338",
        "6682",
        "1.0000004"
      ]
    ]
  },
  "metadata": {
    "total_genes": 11088,
    "threshold": 0.75,
    "device": "cpu"
  }
}