{
  "gnn_results": {
    "method": "GNN",
    "threshold": 0.75,
    "training_time": 1435.37846326828,
    "final_loss": 0.6948239207267761,
    "optimal_clusters": 2,
    "silhouette_score": 0.9106998443603516,
    "cluster_sizes": [
      [
        "0",
        "10615"
      ],
      [
        "1",
        "473"
      ]
    ],
    "num_hubs": 50,
    "mean_similarity": 0.8625128865242004,
    "high_confidence_predictions": 29180176,
    "top_predictions": [
      [
        "45",
        "1115",
        "1.0000004"
      ],
      [
        "372",
        "1873",
        "1.0000004"
      ],
      [
        "537",
        "1787",
        "1.0000004"
      ],
      [
        "864",
        "8789",
        "1.0000004"
      ],
      [
        "886",
        "9468",
        "1.0000004"
      ],
      [
        "1007",
        "5144",
        "1.0000004"
      ],
      [
        "1098",
        "4709",
        "1.0000004"
      ],
      [
        "1439",
        "10479",
        "1.0000004"
      ],
      [
        "1543",
        "8872",
        "1.0000004"
      ],
      [
        "1723",
        "2385",
        "1.0000004"
      ]
    ]
  },
  "traditional_results": {
    "method": "Traditional",
    "threshold": 0.75,
    "processing_time": 75.19093632698059,
    "num_components": 188,
    "largest_component_size": 3301,
    "silhouette_score": -0.6789784142894172,
    "num_hubs": 50,
    "mean_similarity": 0.24128778035685255,
    "high_confidence_predictions": 9901,
    "top_predictions": [
      [
        7887,
        7888,
        0.9751930959406013
      ],
      [
        7870,
        7888,
        0.973746610737019
      ],
      [
        7842,
        7889,
        0.9725736324190991
      ],
      [
        7816,
        7888,
        0.9723835418360535
      ],
      [
        7847,
        7888,
        0.9720011036924099
      ],
      [
        7866,
        7870,
        0.9702272816948619
      ],
      [
        7844,
        7865,
        0.9701885953543757
      ],
      [
        7828,
        7870,
        0.9700906252000174
      ],
      [
        7802,
        7847,
        0.9697390867612454
      ],
      [
        7844,
        7903,
        0.96937471232931
      ]
    ],
    "network": "Graph with 3804 nodes and 26878 edges"
  },
  "comparison": {
    "silhouette_improvement": 1.5896782586497689,
    "similarity_difference": 0.6212251061673479,
    "prediction_ratio": 2947.1948288051713
  }
}