{
  "tissue_network": {
    "threshold": [
      0.9,
      0.85,
      0.8,
      0.75,
      0.7,
      0.65,
      0.6
    ],
    "tec_edges": [
      1731,
      3920,
      9901,
      26878,
      67967,
      154342,
      323483
    ],
    "rna_edges": [
      1517,
      5579,
      18382,
      52982,
      131172,
      282136,
      545630
    ],
    "tec_nodes": [
      180,
      647,
      1902,
      3804,
      5968,
      7948,
      9456
    ],
    "rna_nodes": [
      339,
      1119,
      2560,
      4375,
      6295,
      8097,
      9539
    ]
  },
  "rna_comparison": {
    "tec": {
      "nodes": 11088,
      "edges": 26878,
      "connected_components": 7472,
      "avg_clustering": 0.0915870677706929,
      "density": 0.000437280066575638
    },
    "rna": {
      "nodes": 11088,
      "edges": 52982,
      "connected_components": 6860,
      "avg_clustering": 0.13756223688326116,
      "density": 0.0008619678728815556
    }
  },
  "powerlaw_analysis": null,
  "supplemental_analysis": {
    "thresholds": [
      0.9,
      0.85,
      0.8,
      0.75,
      0.7,
      0.65,
      0.6,
      0.55,
      0.5
    ],
    "tec_connected_components": [
      10936,
      10532,
      9366,
      7472,
      5263,
      3239,
      1681,
      618,
      138
    ],
    "rna_connected_components": [
      10795,
      10080,
      8675,
      6860,
      4912,
      3105,
      1590,
      603,
      156
    ],
    "tec_connected_nodes": [
      180,
      647,
      1902,
      3804,
      5968,
      7948,
      9456,
      10484,
      10953
    ],
    "rna_connected_nodes": [
      339,
      1119,
      2560,
      4375,
      6295,
      8097,
      9539,
      10505,
      10937
    ],
    "tec_edges": [
      1731,
      3920,
      9901,
      26878,
      67967,
      154342,
      323483,
      636849,
      1199707
    ],
    "rna_edges": [
      1517,
      5579,
      18382,
      52982,
      131172,
      282136,
      545630,
      975319,
      1643315
    ],
    "max_degree_rna_75": 233,
    "genes_match": "True"
  },
  "gnn_comparison": {
    "gnn_results": {
      "training_time": 1631.046375989914,
      "final_loss": 0.6937940120697021,
      "epochs_trained": 200,
      "optimal_clusters": 2,
      "silhouette_score": 0.8895589709281921,
      "cluster_sizes": [
        [
          "0",
          "10576"
        ],
        [
          "1",
          "512"
        ]
      ],
      "num_hubs": 50,
      "mean_similarity": 0.8712947964668274,
      "high_confidence_predictions": 30341638,
      "top_predictions": [
        [
          "163",
          "526",
          "1.0000004"
        ],
        [
          "407",
          "10884",
          "1.0000004"
        ],
        [
          "423",
          "8829",
          "1.0000004"
        ],
        [
          "464",
          "4990",
          "1.0000004"
        ],
        [
          "549",
          "2008",
          "1.0000004"
        ],
        [
          "652",
          "4393",
          "1.0000004"
        ],
        [
          "1148",
          "1288",
          "1.0000004"
        ],
        [
          "1288",
          "6223",
          "1.0000004"
        ],
        [
          "1318",
          "2044",
          "1.0000004"
        ],
        [
          "1338",
          "6682",
          "1.0000004"
        ]
      ]
    },
    "traditional_results": {
      "method": "Traditional",
      "threshold": 0.75,
      "processing_time": 75.19093632698059,
      "num_components": 188,
      "largest_component_size": 3301,
      "silhouette_score": -0.6789784142894172,
      "num_hubs": 50,
      "mean_similarity": 0.24128778035685255,
      "high_confidence_predictions": 9901,
      "top_predictions": [
        [
          7887,
          7888,
          0.9751930959406013
        ],
        [
          7870,
          7888,
          0.973746610737019
        ],
        [
          7842,
          7889,
          0.9725736324190991
        ],
        [
          7816,
          7888,
          0.9723835418360535
        ],
        [
          7847,
          7888,
          0.9720011036924099
        ],
        [
          7866,
          7870,
          0.9702272816948619
        ],
        [
          7844,
          7865,
          0.9701885953543757
        ],
        [
          7828,
          7870,
          0.9700906252000174
        ],
        [
          7802,
          7847,
          0.9697390867612454
        ],
        [
          7844,
          7903,
          0.96937471232931
        ]
      ],
      "network": "Graph with 3804 nodes and 26878 edges"
    },
    "comparison_summary": {
      "Method": [
        "GNN",
        "Traditional"
      ],
      "Processing_Time": [
        "1631.0s",
        "75.2s"
      ],
      "Silhouette_Score": [
        "0.8896",
        "-0.6790"
      ],
      "Clusters_Components": [
        2,
        188
      ],
      "High_Conf_Predictions": [
        30341638,
        9901
      ],
      "Mean_Similarity": [
        "0.8713",
        "0.2413"
      ]
    }
  },
  "final_summary": "Created successfully"
}